{"cameraMode":{"drawMode":0,"name":"Shaded","section":"Shading Mode"},"sceneLighting":true,"audioPlay":false,"sceneViewState":{"m_AlwaysRefresh":false,"showFog":true,"showSkybox":true,"showFlares":true,"showImageEffects":true,"showParticleSystems":true,"showVisualEffectGraphs":true,"m_FxEnabled":true},"in2DMode":false,"pivot":{"x":1.4214928150177003,"y":5.062358856201172,"z":1.328324794769287},"rotation":{"x":0.4099491536617279,"y":-0.005477588158100843,"z":0.0024478004779666664,"w":0.9121106863021851},"size":3.449578285217285,"orthographic":false}